{"TrainLoss": 0.027088968083262444, "TestLoss": 0.014012280661104754, "TimePerEpoch": 9.470275402069092, "_runtime": 479, "_timestamp": 1634873759, "_step": 49, "_wandb": {"runtime": 480}}