{"TrainLoss": 0.006062010303139687, "TestLoss": 0.0032290521931524077, "TimePerEpoch": 10.600645065307617, "_runtime": 541, "_timestamp": 1635078211, "_step": 49, "_wandb": {"runtime": 541}}