{"TrainLoss": 3.2599329948425293, "TestLoss": 4.25345200999205, "TimePerEpoch": 8.595381498336792, "_runtime": 503, "_timestamp": 1634724410, "_step": 49, "_wandb": {"runtime": 504}}