{"TrainLoss": 5.718484401702881, "TestLoss": 4.173365063586478, "TimePerEpoch": 1.4935567378997803, "_runtime": 704, "_timestamp": 1634720560, "_step": 499, "_wandb": {"runtime": 705}}