{"TrainLoss": 4.774772644042969, "TestLoss": 4.252816955922014, "TimePerEpoch": 1.5317208766937256, "_runtime": 100, "_timestamp": 1634719163, "_step": 61, "_wandb": {"runtime": 100}}