{"TrainLoss": 6.026658535003662, "TestLoss": 78.8482584353449, "TimePerEpoch": 11.711296319961548, "_runtime": 556, "_timestamp": 1635069485, "_step": 49, "_wandb": {"runtime": 558}}