{"TrainLoss": 3.9584648609161377, "TestLoss": 4.251559839410297, "TimePerEpoch": 1.4748361110687256, "_runtime": 81, "_timestamp": 1634718997, "_step": 49, "_wandb": {"runtime": 82}}