{"TrainLoss": 0.003984695766121149, "TestLoss": 0.004447184145895087, "TimePerEpoch": 9.560506343841553, "_runtime": 476, "_timestamp": 1635080819, "_step": 49, "_wandb": {"runtime": 476}}