{"TrainLoss": 0.5448927879333496, "TestLoss": 0.36247097488413466, "TimePerEpoch": 6.247681617736816, "_runtime": 317, "_timestamp": 1635078679, "_step": 49, "_wandb": {"runtime": 318}}