{"TrainLoss": 1.2172762155532837, "TestLoss": 1.7213987898319325, "TimePerEpoch": 1.2252914905548096, "_runtime": 64, "_timestamp": 1635082339, "_step": 49, "parameters/layer1.weight": {"_type": "histogram", "values": [2.0, 0.0, 0.0, 0.0, 0.0, 1.0, 0.0, 0.0, 1.0, 0.0, 0.0, 0.0, 0.0, 0.0, 0.0, 0.0, 1.0, 1.0, 2.0, 0.0, 0.0, 0.0, 1.0, 1.0, 1.0, 1.0, 1.0, 0.0, 0.0, 0.0, 1.0, 0.0, 0.0, 0.0, 0.0, 0.0, 1.0, 0.0, 2.0, 1.0, 0.0, 1.0, 0.0, 3.0, 0.0, 0.0, 1.0, 0.0, 0.0, 0.0, 1.0, 1.0, 1.0, 1.0, 0.0, 0.0, 1.0, 0.0, 1.0, 0.0, 1.0, 0.0, 1.0, 1.0], "bins": [-0.6917502880096436, -0.6697714924812317, -0.6477927565574646, -0.6258139610290527, -0.6038351655006409, -0.581856369972229, -0.5598776340484619, -0.53789883852005, -0.5159200429916382, -0.4939412772655487, -0.47196248173713684, -0.44998371601104736, -0.4280049204826355, -0.406026154756546, -0.38404738903045654, -0.3620685935020447, -0.3400898575782776, -0.3181110918521881, -0.29613229632377625, -0.27415353059768677, -0.2521747350692749, -0.23019596934318542, -0.20821720361709595, -0.18623842298984528, -0.1642596423625946, -0.14228086173534393, -0.12030208855867386, -0.09832331538200378, -0.07634453475475311, -0.05436575412750244, -0.032386988401412964, -0.010408207774162292, 0.011570513248443604, 0.033549290150403976, 0.05552806705236435, 0.07750684022903442, 0.0994856208562851, 0.12146440148353577, 0.14344316720962524, 0.16542194783687592, 0.1874007284641266, 0.20937950909137726, 0.23135828971862793, 0.2533370554447174, 0.2753158211708069, 0.29729461669921875, 0.3192733824253082, 0.3412521481513977, 0.36323094367980957, 0.38520970940589905, 0.4071885049343109, 0.4291672706604004, 0.45114606618881226, 0.47312483191490173, 0.4951035976409912, 0.5170823931694031, 0.5390611886978149, 0.5610399842262268, 0.5830187201499939, 0.6049975156784058, 0.6269763112068176, 0.6489551067352295, 0.6709338426589966, 0.6929126381874084, 0.7148913741111755]}, "parameters/layer1.bias": {"_type": "histogram", "values": [1.0, 0.0, 1.0, 0.0, 0.0, 0.0, 1.0, 0.0, 0.0, 1.0, 0.0, 1.0, 0.0, 0.0, 0.0, 2.0, 0.0, 0.0, 0.0, 0.0, 0.0, 0.0, 0.0, 0.0, 0.0, 0.0, 0.0, 0.0, 1.0, 0.0, 0.0, 0.0, 0.0, 1.0, 1.0, 1.0, 0.0, 0.0, 0.0, 0.0, 0.0, 0.0, 0.0, 1.0, 1.0, 0.0, 0.0, 0.0, 0.0, 1.0, 0.0, 0.0, 0.0, 0.0, 0.0, 0.0, 0.0, 1.0, 0.0, 0.0, 0.0, 0.0, 0.0, 1.0], "bins": [-0.7635149359703064, -0.7349004149436951, -0.7062858939170837, -0.6776713728904724, -0.6490569114685059, -0.6204423904418945, -0.5918278694152832, -0.5632133483886719, -0.5345988273620605, -0.5059843063354492, -0.4773697853088379, -0.44875529408454895, -0.4201407730579376, -0.3915262520313263, -0.36291176080703735, -0.334297239780426, -0.3056827187538147, -0.27706819772720337, -0.24845369160175323, -0.2198391854763031, -0.19122466444969177, -0.16261014342308044, -0.1339956372976303, -0.10538113117218018, -0.07676661014556885, -0.048152096569538116, -0.019537582993507385, 0.009076930582523346, 0.03769144415855408, 0.0663059651851654, 0.09492047131061554, 0.12353497743606567, 0.15214955806732178, 0.1807640790939331, 0.20937858521938324, 0.23799309134483337, 0.2666076123714447, 0.29522213339805603, 0.32383662462234497, 0.3524511456489563, 0.3810656666755676, 0.40968018770217896, 0.4382947087287903, 0.4669091999530792, 0.49552372097969055, 0.5241382122039795, 0.5527527332305908, 0.5813672542572021, 0.6099817752838135, 0.6385962963104248, 0.6672108173370361, 0.6958253383636475, 0.7244398593902588, 0.7530543804168701, 0.7816688418388367, 0.810283362865448, 0.8388978838920593, 0.8675124049186707, 0.896126925945282, 0.9247414469718933, 0.9533559083938599, 0.9819704294204712, 1.0105849504470825, 1.0391994714736938, 1.0678139925003052]}, "parameters/layer2.weight": {"_type": "histogram", "values": [1.0, 0.0, 0.0, 0.0, 0.0, 0.0, 0.0, 0.0, 1.0, 1.0, 0.0, 1.0, 2.0, 7.0, 8.0, 5.0, 4.0, 4.0, 6.0, 6.0, 15.0, 21.0, 24.0, 18.0, 19.0, 13.0, 21.0, 18.0, 18.0, 18.0, 15.0, 15.0, 14.0, 17.0, 17.0, 17.0, 20.0, 17.0, 16.0, 20.0, 16.0, 17.0, 18.0, 16.0, 9.0, 8.0, 1.0, 1.0, 8.0, 5.0, 0.0, 2.0, 2.0, 2.0, 0.0, 0.0, 1.0, 2.0, 2.0, 0.0, 0.0, 2.0, 0.0, 1.0], "bins": [-1.007030725479126, -0.9752822518348694, -0.9435338377952576, -0.911785364151001, -0.8800369501113892, -0.8482884764671326, -0.816540002822876, -0.7847915887832642, -0.7530431151390076, -0.721294641494751, -0.6895462274551392, -0.6577977538108826, -0.626049280166626, -0.5943008661270142, -0.5625523924827576, -0.530803918838501, -0.49905550479888916, -0.46730706095695496, -0.43555861711502075, -0.40381014347076416, -0.37206169962882996, -0.34031325578689575, -0.30856478214263916, -0.27681633830070496, -0.24506789445877075, -0.21331945061683655, -0.18157099187374115, -0.14982253313064575, -0.11807408928871155, -0.08632564544677734, -0.054577186703681946, -0.022828727960586548, 0.008919835090637207, 0.04066828638315201, 0.07241673767566681, 0.10416518896818161, 0.1359136402606964, 0.16766208410263062, 0.199410542845726, 0.2311590015888214, 0.2629074454307556, 0.2946558892726898, 0.326404333114624, 0.3581528067588806, 0.3899012506008148, 0.421649694442749, 0.4533981680870056, 0.4851466119289398, 0.516895055770874, 0.5486435294151306, 0.5803919434547424, 0.612140417098999, 0.6438888311386108, 0.6756373047828674, 0.707385778427124, 0.7391341924667358, 0.7708826661109924, 0.802631139755249, 0.8343795537948608, 0.8661280274391174, 0.897876501083374, 0.9296249151229858, 0.9613733887672424, 0.993121862411499, 1.0248702764511108]}, "parameters/layer2.bias": {"_type": "histogram", "values": [1.0, 0.0, 0.0, 0.0, 0.0, 0.0, 0.0, 0.0, 0.0, 1.0, 0.0, 0.0, 0.0, 0.0, 0.0, 0.0, 0.0, 1.0, 0.0, 0.0, 1.0, 0.0, 0.0, 2.0, 0.0, 1.0, 1.0, 1.0, 0.0, 0.0, 1.0, 2.0, 1.0, 1.0, 0.0, 1.0, 1.0, 1.0, 1.0, 2.0, 0.0, 1.0, 0.0, 2.0, 0.0, 1.0, 1.0, 2.0, 1.0, 0.0, 1.0, 0.0, 1.0, 0.0, 0.0, 0.0, 0.0, 0.0, 0.0, 0.0, 1.0, 0.0, 0.0, 1.0], "bins": [-0.30449870228767395, -0.2922348082065582, -0.2799708843231201, -0.2677069902420044, -0.25544309616088867, -0.24317920207977295, -0.23091529309749603, -0.21865138411521912, -0.2063874900341034, -0.19412359595298767, -0.18185968697071075, -0.16959577798843384, -0.15733188390731812, -0.1450679898262024, -0.13280408084392548, -0.12054017931222916, -0.10827627778053284, -0.09601237624883652, -0.0837484747171402, -0.07148457318544388, -0.05922067165374756, -0.04695677012205124, -0.03469286859035492, -0.0224289670586586, -0.01016506552696228, 0.0020988360047340393, 0.014362737536430359, 0.02662663906812668, 0.038890540599823, 0.05115444213151932, 0.06341834366321564, 0.07568224519491196, 0.08794611692428589, 0.10021001845598221, 0.11247391998767853, 0.12473782151937485, 0.13700172305107117, 0.1492656171321869, 0.1615295261144638, 0.17379343509674072, 0.18605732917785645, 0.19832122325897217, 0.21058513224124908, 0.222849041223526, 0.23511293530464172, 0.24737682938575745, 0.25964075326919556, 0.2719046473503113, 0.284168541431427, 0.2964324355125427, 0.30869632959365845, 0.32096025347709656, 0.3332241475582123, 0.345488041639328, 0.3577519655227661, 0.37001585960388184, 0.38227975368499756, 0.3945436477661133, 0.406807541847229, 0.4190714657306671, 0.43133535981178284, 0.44359925389289856, 0.45586317777633667, 0.4681270718574524, 0.4803909659385681]}, "parameters/layer3.weight": {"_type": "histogram", "values": [1.0, 2.0, 0.0, 2.0, 0.0, 2.0, 2.0, 3.0, 5.0, 8.0, 4.0, 5.0, 4.0, 14.0, 12.0, 16.0, 19.0, 26.0, 41.0, 52.0, 78.0, 82.0, 103.0, 131.0, 115.0, 116.0, 132.0, 129.0, 137.0, 140.0, 107.0, 104.0, 92.0, 96.0, 73.0, 39.0, 26.0, 17.0, 14.0, 17.0, 7.0, 7.0, 7.0, 6.0, 6.0, 5.0, 3.0, 4.0, 5.0, 3.0, 4.0, 5.0, 2.0, 3.0, 2.0, 1.0, 3.0, 2.0, 2.0, 0.0, 1.0, 2.0, 0.0, 2.0],