{"TrainLoss": 2.1647374629974365, "TestLoss": 1.8198597107903431, "TimePerEpoch": 10.936393976211548, "_runtime": 61, "_timestamp": 1634570412, "_step": 4, "_wandb": {"runtime": 62}}