{"TrainLoss": 1.0205118656158447, "TestLoss": 0.939477220322322, "TimePerEpoch": 1.2509126663208008, "_runtime": 68, "_timestamp": 1635082418, "_step": 49, "parameters/layer1.weight": {"_type": "histogram", "values": [2.0, 0.0, 0.0, 0.0, 0.0, 0.0, 1.0, 0.0, 0.0, 1.0, 0.0, 0.0, 0.0, 0.0, 1.0, 0.0, 0.0, 0.0, 0.0, 0.0, 2.0, 0.0, 0.0, 0.0, 0.0, 2.0, 1.0, 2.0, 1.0, 0.0, 0.0, 0.0, 0.0, 0.0, 1.0, 1.0, 0.0, 0.0, 0.0, 0.0, 0.0, 1.0, 0.0, 1.0, 0.0, 2.0, 1.0, 0.0, 0.0, 1.0, 0.0, 0.0, 1.0, 0.0, 1.0, 0.0, 0.0, 0.0, 1.0, 0.0, 3.0, 1.0, 1.0, 3.0], "bins": [-0.7607503533363342, -0.7385156750679016, -0.716280996799469, -0.6940462589263916, -0.671811580657959, -0.6495769023895264, -0.6273422241210938, -0.6051075458526611, -0.5828728675842285, -0.5606381893157959, -0.5384035110473633, -0.5161688327789307, -0.49393409490585327, -0.47169941663742065, -0.44946473836898804, -0.4272300601005554, -0.404995322227478, -0.3827606439590454, -0.3605259358882904, -0.3382912576198578, -0.3160565495491028, -0.29382187128067017, -0.27158719301223755, -0.24935249984264374, -0.22711780667304993, -0.20488311350345612, -0.1826484203338623, -0.1604137420654297, -0.13817904889583588, -0.11594435572624207, -0.09370967745780945, -0.07147498428821564, -0.0492403507232666, -0.02700566127896309, -0.004770971834659576, 0.017463713884353638, 0.03969840705394745, 0.06193310022354126, 0.08416777849197388, 0.10640247166156769, 0.1286371648311615, 0.1508718580007553, 0.17310655117034912, 0.19534122943878174, 0.21757592260837555, 0.23981061577796936, 0.262045294046402, 0.284280002117157, 0.3065146803855896, 0.3287493586540222, 0.3509840667247772, 0.37321874499320984, 0.39545345306396484, 0.41768813133239746, 0.4399228096008301, 0.4621574878692627, 0.4843921959400177, 0.5066269040107727, 0.5288615822792053, 0.5510962605476379, 0.5733309388160706, 0.595565676689148, 0.6178003549575806, 0.6400350332260132, 0.6622697114944458]}, "parameters/layer1.bias": {"_type": "histogram", "values": [1.0, 1.0, 0.0, 1.0, 0.0, 0.0, 0.0, 0.0, 0.0, 1.0, 0.0, 0.0, 0.0, 0.0, 0.0, 0.0, 0.0, 1.0, 2.0, 0.0, 0.0, 0.0, 0.0, 0.0, 0.0, 0.0, 1.0, 0.0, 0.0, 0.0, 0.0, 0.0, 0.0, 1.0, 0.0, 0.0, 0.0, 0.0, 1.0, 0.0, 1.0, 0.0, 0.0, 0.0, 1.0, 1.0, 0.0, 0.0, 0.0, 0.0, 0.0, 1.0, 0.0, 0.0, 0.0, 0.0, 0.0, 0.0, 0.0, 1.0, 0.0, 0.0, 0.0, 1.0], "bins": [-0.8529558777809143, -0.8238880634307861, -0.794820249080658, -0.7657524347305298, -0.7366846203804016, -0.7076168060302734, -0.6785489916801453, -0.6494811773300171, -0.6204133629798889, -0.5913455486297607, -0.5622777342796326, -0.5332099199295044, -0.5041421055793762, -0.47507429122924805, -0.4460064768791199, -0.4169386625289917, -0.3878708481788635, -0.35880303382873535, -0.3297352194786072, -0.300667405128479, -0.27159959077835083, -0.24253177642822266, -0.21346396207809448, -0.1843961477279663, -0.15532833337783813, -0.12626051902770996, -0.09719270467758179, -0.06812489032745361, -0.03905707597732544, -0.009989261627197266, 0.019078552722930908, 0.04814636707305908, 0.07721424102783203, 0.1062820553779602, 0.13534986972808838, 0.16441768407821655, 0.19348549842834473, 0.2225533127784729, 0.2516211271286011, 0.28068894147872925, 0.3097567558288574, 0.3388245701789856, 0.36789238452911377, 0.39696019887924194, 0.4260280132293701, 0.4550958275794983, 0.48416364192962646, 0.5132314562797546, 0.5422992706298828, 0.571367084980011, 0.6004348993301392, 0.6295027136802673, 0.6585705280303955, 0.6876383423805237, 0.7167061567306519, 0.74577397108078, 0.7748417854309082, 0.8039095997810364, 0.8329774141311646, 0.8620452284812927, 0.8911130428314209, 0.9201808571815491, 0.9492486715316772, 0.9783164858818054, 1.0073843002319336]}, "parameters/layer2.weight": {"_type": "histogram", "values": [1.0, 0.0, 1.0, 1.0, 0.0, 0.0, 0.0, 0.0, 1.0, 0.0, 1.0, 1.0, 2.0, 6.0, 1.0, 2.0, 3.0, 1.0, 2.0, 4.0, 2.0, 6.0, 9.0, 6.0, 5.0, 15.0, 23.0, 23.0, 26.0, 22.0, 19.0, 32.0, 20.0, 13.0, 26.0, 19.0, 25.0, 29.0, 25.0, 28.0, 17.0, 22.0, 25.0, 14.0, 9.0, 4.0, 4.0, 3.0, 1.0, 5.0, 3.0, 0.0, 0.0, 0.0, 2.0, 0.0, 0.0, 0.0, 0.0, 1.0, 1.0, 0.0, 0.0, 1.0], "bins": [-1.483981728553772, -1.4403023719787598, -1.3966230154037476, -1.3529436588287354, -1.3092643022537231, -1.265584945678711, -1.2219055891036987, -1.1782262325286865, -1.1345468759536743, -1.090867519378662, -1.04718816280365, -1.0035088062286377, -0.9598294496536255, -0.9161500930786133, -0.8724707365036011, -0.8287913799285889, -0.7851120233535767, -0.7414326667785645, -0.6977533102035522, -0.65407395362854, -0.6103945970535278, -0.5667152404785156, -0.5230358839035034, -0.4793565273284912, -0.435677170753479, -0.3919978141784668, -0.3483184576034546, -0.3046391010284424, -0.2609597444534302, -0.21728038787841797, -0.17360103130340576, -0.12992167472839355, -0.0862424373626709, -0.04256308078765869, 0.0011162757873535156, 0.04479563236236572, 0.08847498893737793, 0.13215434551239014, 0.17583370208740234, 0.21951305866241455, 0.26319241523742676, 0.30687177181243896, 0.35055112838745117, 0.3942304849624634, 0.4379098415374756, 0.4815891981124878, 0.5252685546875, 0.5689479112625122, 0.6126272678375244, 0.6563066244125366, 0.6999859809875488, 0.743665337562561, 0.7873446941375732, 0.8310240507125854, 0.8747034072875977, 0.9183827638626099, 0.9620621204376221, 1.0057414770126343, 1.0494208335876465, 1.0931001901626587, 1.136779546737671, 1.180458903312683, 1.2241382598876953, 1.2678176164627075, 1.3114969730377197]}, "parameters/layer2.bias": {"_type": "histogram", "values": [1.0, 0.0, 0.0, 0.0, 0.0, 0.0, 0.0, 0.0, 0.0, 0.0, 0.0, 0.0, 0.0, 1.0, 0.0, 0.0, 0.0, 0.0, 1.0, 0.0, 0.0, 1.0, 0.0, 1.0, 1.0, 3.0, 2.0, 1.0, 0.0, 0.0, 1.0, 0.0, 0.0, 2.0, 0.0, 1.0, 1.0, 0.0, 0.0, 2.0, 1.0, 2.0, 1.0, 0.0, 1.0, 0.0, 0.0, 1.0, 1.0, 0.0, 1.0, 1.0, 0.0, 1.0, 0.0, 0.0, 0.0, 1.0, 0.0, 0.0, 0.0, 0.0, 0.0, 2.0], "bins": [-0.2828293442726135, -0.27176228165626526, -0.2606952488422394, -0.2496282011270523, -0.23856115341186523, -0.22749410569667816, -0.2164270579814911, -0.20535999536514282, -0.19429296255111694, -0.18322591483592987, -0.1721588671207428, -0.16109181940555573, -0.15002477169036865, -0.13895772397518158, -0.1278906762599945, -0.11682362109422684, -0.10575656592845917, -0.0946895182132721, -0.08362247049808502, -0.07255542278289795, -0.06148837134242058, -0.050421323627233505, -0.039354272186756134, -0.02828722447156906, -0.01722017675638199, -0.006153128109872341, 0.004913920536637306, 0.015980970114469528, 0.0270480178296566, 0.038115065544843674, 0.049182116985321045, 0.06024916470050812, 0.07131621241569519, 0.08238326013088226, 0.09345030784606934, 0.10451735556125641, 0.11558440327644348, 0.12665145099163055, 0.13771849870681763, 0.1487855613231659, 0.15985259413719177, 0.17091964185237885, 0.18198668956756592, 0.193053737282753, 0.20412078499794006, 0.21518783271312714, 0.2262548804283142, 0.23732194304466248, 0.24838899075984955, 0.2594560384750366, 0.2705231010913849, 0.28159013390541077, 0.29265719652175903, 0.3037242293357849, 0.3147912919521332, 0.32585832476615906, 0.3369253873825073, 0.3479924499988556, 0.35905948281288147, 0.37012654542922974, 0.3811935782432556, 0.3922606408596039, 0.40332767367362976, 0.414394736289978, 0.4254617691040039]}, "parameters/layer3.weight": {"_type": "histogram", "values": [1.0, 0.0, 1.0, 0.0, 0.0, 0.0, 0.0, 1.0, 1.0, 0.0, 1.0, 0.0, 1.0, 3.0, 3.0, 1.0, 2.0, 4.0, 2.0, 3.0, 0.0, 5.0, 4.0, 1.0, 1.0, 4.0, 5.0, 7.0, 10.0, 15.0, 10.0, 15.0, 19.0, 36.0, 63.0, 103.0, 107.0, 173.0, 202.0, 177.0, 193.0, 207.0, 169.0, 148.0, 130.0, 67.0, 30.0, 26.0, 11.0, 19.0, 12.0, 11.0, 10.0, 8.0, 5.0, 3.0, 4.0, 5.0, 1.0, 3.0, 2.0, 1.0, 0.0, 2.0],