{"TrainLoss": 0.2223833203315735, "TestLoss": 0.2043682664632797, "TimePerEpoch": 11.303537368774414, "_runtime": 132, "_timestamp": 1635089171, "_step": 10, "_wandb": {"runtime": 132}}