{"TrainLoss": 3.636566162109375, "TestLoss": 4.157060136673039, "TimePerEpoch": 11.284237623214722, "_runtime": 47, "_timestamp": 1634718667, "_step": 2, "_wandb": {"runtime": 48}}