{"TrainLoss": 3.3793447017669678, "TestLoss": 4.273800433063304, "TimePerEpoch": 9.476542711257935, "_runtime": 15, "_timestamp": 1635074286, "_step": 0, "_wandb": {"runtime": 15}}