{"TrainLoss": 0.027008187025785446, "TestLoss": 0.025006020993211316, "TimePerEpoch": 6.980111598968506, "_runtime": 352, "_timestamp": 1634871995, "_step": 49, "_wandb": {"runtime": 353}}