{"TrainLoss": 6.28737211227417, "TestLoss": 78.8537163642932, "TimePerEpoch": 11.81880235671997, "_runtime": 78, "_timestamp": 1635069379, "_step": 5, "_wandb": {"runtime": 79}}