{"TrainLoss": 5.431125640869141, "TestLoss": 4.186559464123203, "TimePerEpoch": 6.257788419723511, "_runtime": 319, "_timestamp": 1634723863, "_step": 49, "_wandb": {"runtime": 321}}