{"TrainLoss": 0.07413014769554138, "TestLoss": 0.04306314351393822, "TimePerEpoch": 6.2155725955963135, "_runtime": 316, "_timestamp": 1634871632, "_step": 49, "_wandb": {"runtime": 317}}