{"TrainLoss": 5.267067909240723, "TestLoss": 4.256192676091598, "TimePerEpoch": 1.4157135486602783, "_runtime": 492, "_timestamp": 1634719839, "_step": 348, "_wandb": {"runtime": 494}}