{"TrainLoss": 0.01752270758152008, "TestLoss": 0.026706721405593718, "TimePerEpoch": 8.354945182800293, "_runtime": 419, "_timestamp": 1634872810, "_step": 49, "_wandb": {"runtime": 419}}