{"TrainLoss": 0.5187165141105652, "TestLoss": 0.44600586416357657, "TimePerEpoch": 11.20981216430664, "_runtime": 563, "_timestamp": 1634571019, "_step": 49, "_wandb": {"runtime": 564}}