{"TrainLoss": 4.205204486846924, "TestLoss": 4.2579501523809915, "TimePerEpoch": 1.9189503192901611, "_runtime": 108, "_timestamp": 1634718801, "_step": 49, "_wandb": {"runtime": 108}}