{"TrainLoss": 3.664222002029419, "TestLoss": 4.261896379923416, "TimePerEpoch": 6.5788023471832275, "_runtime": 151, "_timestamp": 1634719332, "_step": 100, "_wandb": {"runtime": 152}}