{"TrainLoss": 0.07144222408533096, "TestLoss": 0.04579952930410703, "TimePerEpoch": 10.577451705932617, "_runtime": 534, "_timestamp": 1634874810, "_step": 49, "_wandb": {"runtime": 534}}